Q_ID,relevance_score
38411816,0.10183010939221003
30138659,0.04313067859941986
35831668,0.013780963203024773
14389502,0.07248039399581495
29571153,-0.0008938944951727701
29890428,-0.0008938944951727701
26290097,-0.0008938944951727701
860876,0.08715525169401249
13941774,0.2926032594687781
39581385,0.0578055362976174
40091938,0.013780963203024773
16741845,0.028455820901222315
23384947,0.013780963203024773
38042879,-0.0008938944951727701
4996342,0.11650496709040757
12253439,0.13117982478860513
5015549,0.04313067859941986
16928917,-0.0008938944951727701
14559458,0.08715525169401249
28638722,0.04313067859941986
169318,0.24857868637418545
22141901,-0.0008938944951727701
52276940,-0.0008938944951727701
19585961,0.07248039399581495
3788558,-0.0008938944951727701
48994492,0.028455820901222315
2406386,0.028455820901222315
26545316,0.028455820901222315
48366260,-0.0008938944951727701
12646467,0.013780963203024773
10978031,0.0578055362976174
37074917,0.028455820901222315
16594856,0.013780963203024773
7393629,0.028455820901222315
15618442,0.013780963203024773
18356503,0.028455820901222315
37427933,0.028455820901222315
20279882,0.028455820901222315
1349343,-0.0008938944951727701
13911772,0.10183010939221003
20582993,0.04313067859941986
311986,0.07248039399581495
34997535,0.08715525169401249
29490464,0.0578055362976174
842365,0.10183010939221003
29341244,0.0578055362976174
23327352,1.539966163815569
24257329,0.13117982478860513
21854931,0.013780963203024773
27995163,0.028455820901222315
20286185,-0.0008938944951727701
808577,-0.0008938944951727701
49342121,-0.0008938944951727701
1961259,0.028455820901222315
11954588,0.04313067859941986
40244193,0.04313067859941986
20516209,-0.0008938944951727701
2209609,0.1605295401850002
1644274,0.0578055362976174
4277389,0.028455820901222315
48771194,0.013780963203024773
1549654,0.028455820901222315
14323382,0.2926032594687781
31788782,0.013780963203024773
17008815,0.013780963203024773
17901877,0.028455820901222315
18646783,0.013780963203024773
14356796,-0.0008938944951727701
50903373,-0.0008938944951727701
30477584,0.028455820901222315
18434553,0.013780963203024773
48795785,-0.0008938944951727701
27007359,0.0578055362976174
19849758,-0.0008938944951727701
15483797,0.013780963203024773
49916017,0.028455820901222315
19527434,0.5420758403381364
40417922,0.0578055362976174
20273494,-0.0008938944951727701
12403710,0.013780963203024773
22305139,0.04313067859941986
25818307,0.04313067859941986
21002915,0.07248039399581495
26307141,0.013780963203024773
15145006,0.028455820901222315
51012917,0.013780963203024773
40640067,0.028455820901222315
294550,0.0578055362976174
12636809,0.10183010939221003
32584774,0.013780963203024773
11853419,0.028455820901222315
15054647,0.04313067859941986
16927232,0.028455820901222315
19234574,0.028455820901222315
20623355,0.0578055362976174
31158789,0.028455820901222315
51732032,0.013780963203024773
20557179,0.1605295401850002
41759678,0.04313067859941986
49472952,0.013780963203024773
15209629,0.028455820901222315
21627460,0.0578055362976174
15546765,0.10183010939221003
32798316,0.013780963203024773
40629373,0.028455820901222315
37200717,-0.0008938944951727701
32920548,0.013780963203024773
13302561,0.0578055362976174
18226051,0.013780963203024773
39430876,0.013780963203024773
26474608,0.013780963203024773
51885339,-0.0008938944951727701
43792314,0.04313067859941986
23822447,-0.0008938944951727701
4334885,0.028455820901222315
23564097,-0.0008938944951727701
32910332,0.08715525169401249
39581819,0.013780963203024773
38458080,0.013780963203024773
19942534,0.08715525169401249
45033526,0.04313067859941986
8899202,0.07248039399581495
15007700,0.11650496709040757
40150211,0.013780963203024773
35453825,0.028455820901222315
51449836,0.013780963203024773
5760006,0.013780963203024773
47967927,0.013780963203024773
912921,-0.015568752193370313
12423750,1.4665918753245815
26433697,0.0578055362976174
26090130,-0.0008938944951727701
30033322,0.013780963203024773
25949110,0.13117982478860513
34966098,0.04313067859941986
2061553,-0.0008938944951727701
30277306,0.0578055362976174
38324561,0.11650496709040757
32651967,0.263253544072383
4009018,-0.0008938944951727701
2826240,0.0578055362976174
22685515,0.028455820901222315
22192514,0.04313067859941986
21800366,0.013780963203024773
12609318,0.10183010939221003
24720723,0.028455820901222315
12367275,0.0578055362976174
15999526,-0.0008938944951727701
13830881,0.0578055362976174
46159416,0.013780963203024773
1784268,0.028455820901222315
21709058,0.3659775479597658
1408693,0.1605295401850002
20765920,0.08715525169401249
9745213,0.028455820901222315
28345836,0.9089472827930749
18198044,0.08715525169401249
20578504,0.028455820901222315
20647456,0.04313067859941986
45386569,0.013780963203024773
14885298,-0.0008938944951727701
4085406,0.013780963203024773
42482171,0.10183010939221003
30070108,0.028455820901222315
17436756,-0.0008938944951727701
18278133,0.028455820901222315
26985666,0.028455820901222315
16947791,0.013780963203024773
11975896,0.028455820901222315
13901372,0.013780963203024773
8613338,0.013780963203024773
141426,1.2024444367570257
38916966,-0.0008938944951727701
35461165,0.013780963203024773
12428176,0.10183010939221003
6128473,-0.0008938944951727701
29220055,0.04313067859941986
9348358,-0.0008938944951727701
41678753,-0.0008938944951727701
32744568,0.0578055362976174
30510874,0.028455820901222315
31006487,0.04313067859941986
4013953,-0.0008938944951727701
21876487,-0.0008938944951727701
45255064,0.11650496709040757
17569543,0.04313067859941986
1099353,0.013780963203024773
24086389,0.13117982478860513
35140588,0.028455820901222315
29673951,0.263253544072383
14465076,0.013780963203024773
18389676,0.11650496709040757
52953004,0.0578055362976174
19871410,0.013780963203024773
574910,0.0578055362976174
16144392,0.04313067859941986
14892749,0.013780963203024773
12273383,0.013780963203024773
49399032,0.013780963203024773
22570114,0.028455820901222315
39642072,0.0578055362976174
36642457,0.07248039399581495
51254039,-0.0008938944951727701
23281871,0.04313067859941986
21655159,0.07248039399581495
25069673,0.04313067859941986
4318967,-0.0008938944951727701
21941670,0.2339038286759879
50598390,-0.015568752193370313
4832098,0.013780963203024773
25785081,0.028455820901222315
21699389,0.028455820901222315
17226978,0.14585468248680267
28111947,-0.0008938944951727701
21167760,0.21922897097779037
26069657,0.028455820901222315
48244188,0.013780963203024773
4159852,0.013780963203024773
3562514,0.013780963203024773
27278515,0.013780963203024773
23193242,-0.0008938944951727701
30788186,0.07248039399581495
15832988,0.028455820901222315
46163696,0.10183010939221003
15537072,0.028455820901222315
20117693,-0.0008938944951727701
19111876,0.04313067859941986
15862023,0.0578055362976174
51459398,0.013780963203024773
21255459,0.10183010939221003
38931940,-0.0008938944951727701
3077079,0.46870155184714857
54723239,-0.0008938944951727701
22339878,-0.0008938944951727701
17286074,0.028455820901222315
52539313,-0.0008938944951727701
26245655,0.04313067859941986
21584663,0.0578055362976174
661300,0.20455411327959283
20604394,0.013780963203024773
12151503,0.13117982478860513
17371216,-0.0008938944951727701
48630139,-0.0008938944951727701
25732259,0.10183010939221003
19594726,-0.0008938944951727701
48368255,-0.0008938944951727701
14814847,0.20455411327959283
48406410,0.013780963203024773
11629071,0.013780963203024773
51141360,0.013780963203024773
12651298,0.20455411327959283
27298361,0.013780963203024773
37736505,0.013780963203024773
43610392,0.07248039399581495
17559475,-0.0008938944951727701
20788751,-0.0008938944951727701
28795754,0.04313067859941986
25968631,-0.0008938944951727701
51232576,-0.0008938944951727701
51796072,0.028455820901222315
28252995,0.07248039399581495
36942612,0.013780963203024773
41769085,0.028455820901222315
31915538,0.028455820901222315
20983780,0.13117982478860513
26789296,0.0578055362976174
20470547,0.24857868637418545
21257516,0.13117982478860513
7429157,0.3072781171669756
21959084,0.028455820901222315
37264260,-0.0008938944951727701
29040327,0.04313067859941986
14193025,-0.0008938944951727701
36424589,0.0578055362976174
11852648,0.08715525169401249
686314,0.1605295401850002
30505961,0.04313067859941986
26713129,0.0578055362976174
717744,0.11650496709040757
23315264,0.04313067859941986
33013942,-0.0008938944951727701
41526656,0.013780963203024773
25063364,0.013780963203024773
36471116,0.0578055362976174
5674454,0.013780963203024773
2280323,-0.0008938944951727701
1920390,0.04313067859941986
53069880,-0.0008938944951727701
4809471,0.0578055362976174
821346,0.013780963203024773
38984317,-0.0008938944951727701
28430762,0.013780963203024773
47676532,0.0578055362976174
36426838,0.04313067859941986
41630864,0.4833764095453461
48222979,0.0578055362976174
22730576,-0.0008938944951727701
53520003,0.013780963203024773
1658087,-0.0008938944951727701
12015233,0.013780963203024773
564878,0.0578055362976174
18483327,0.08715525169401249
31485450,0.13117982478860513
20593474,0.0578055362976174
32841223,0.028455820901222315
37228140,0.04313067859941986
12044344,0.13117982478860513
26841280,0.028455820901222315
2498737,0.013780963203024773
21186662,0.028455820901222315
6441228,0.028455820901222315
13794050,0.1898792555813953
24652184,0.39532726335616086
29331536,0.013780963203024773
16908390,-0.0008938944951727701
33844913,0.028455820901222315
36631456,0.028455820901222315
25987989,-0.0008938944951727701
5594930,0.17520439788319775
2477610,0.5127261249417413
33753782,0.04313067859941986
13607810,0.13117982478860513
34203814,-0.0008938944951727701
21087460,0.013780963203024773
1893312,0.04313067859941986
7522103,0.013780963203024773
581356,0.11650496709040757
12584802,0.013780963203024773
50687081,-0.0008938944951727701
30081894,9.508413893936835
51374546,0.04313067859941986
16507825,0.013780963203024773
19024857,0.013780963203024773
22878943,0.013780963203024773
20298944,0.04313067859941986
28642688,0.013780963203024773
23475976,0.04313067859941986
54479731,0.013780963203024773
23403870,0.0578055362976174
15305248,0.2339038286759879
26093118,0.07248039399581495
452403,0.07248039399581495
17726210,0.13117982478860513
1994563,0.10183010939221003
54079301,-0.0008938944951727701
29394599,0.04313067859941986
33801925,0.013780963203024773
34433283,-0.0008938944951727701
37318577,0.10183010939221003
8680666,0.013780963203024773
19200375,0.013780963203024773
18452363,0.1898792555813953
39811695,0.028455820901222315
41012261,0.08715525169401249
31744279,0.0578055362976174
14563105,0.10183010939221003
7793096,0.10183010939221003
27611349,0.013780963203024773
37877633,-0.0008938944951727701
40327593,-0.0008938944951727701
13939605,0.04313067859941986
12428087,0.17520439788319775
4584108,0.07248039399581495
13852865,0.028455820901222315
17855145,0.028455820901222315
12585977,0.07248039399581495
15140202,0.04313067859941986
8598159,0.028455820901222315
21183429,0.013780963203024773
33988740,0.028455820901222315
29957722,0.028455820901222315
21342994,0.028455820901222315
50866343,0.07248039399581495
18195698,0.028455820901222315
21223226,0.0578055362976174
35256767,0.013780963203024773
43561820,0.028455820901222315
25239329,0.028455820901222315
14609698,0.08715525169401249
17294002,0.10183010939221003
32896980,0.013780963203024773
13903767,0.0578055362976174
25973438,0.1605295401850002
11168715,0.08715525169401249
27402918,0.028455820901222315
8444389,0.11650496709040757
17661465,0.07248039399581495
47832780,0.13117982478860513
17570045,0.3366278325633707
32829980,0.013780963203024773
33686315,0.013780963203024773
36057861,-0.0008938944951727701
31211107,0.07248039399581495
15576803,0.04313067859941986
32075472,-0.0008938944951727701
13635266,0.013780963203024773
1519440,0.013780963203024773
278056,-0.0008938944951727701
48265938,0.0578055362976174
30045066,0.04313067859941986
21805981,0.013780963203024773
25021649,0.028455820901222315
28580795,0.07248039399581495
28252201,0.013780963203024773
353686,0.04313067859941986
20388234,0.07248039399581495
52238885,0.04313067859941986
25057015,0.028455820901222315
54732451,0.0578055362976174
18677530,-0.0008938944951727701
44284085,0.6301249865273216
15456323,0.028455820901222315
17390210,0.0578055362976174
42333471,-0.0008938944951727701
30793582,0.04313067859941986
472681,0.0578055362976174
39191759,0.028455820901222315
2157049,0.93829699818947
45699897,-0.0008938944951727701
19778338,0.08715525169401249
22864442,0.028455820901222315
8467248,0.5127261249417413
44355438,0.04313067859941986
28031350,0.013780963203024773
12591875,0.0578055362976174
909919,-0.030243609891567855
27239444,0.013780963203024773
21666260,0.013780963203024773
54364871,0.028455820901222315
2925505,0.013780963203024773
26907284,0.10183010939221003
18500637,0.0578055362976174
3479003,0.04313067859941986
6904233,-0.0008938944951727701
14015533,0.028455820901222315
28460506,-0.0008938944951727701
49472848,0.04313067859941986
14175142,0.07248039399581495
23636871,0.0578055362976174
2892405,-0.0008938944951727701
49908943,0.0578055362976174
19027208,0.013780963203024773
53490163,0.028455820901222315
33485955,0.04313067859941986
8531133,0.013780963203024773
44808556,0.04313067859941986
24941749,0.028455820901222315
2736175,0.0578055362976174
19045053,0.028455820901222315
1223982,0.14585468248680267
15149084,0.013780963203024773
16061071,0.028455820901222315
29459021,-0.0008938944951727701
29581729,0.07248039399581495
41551693,0.07248039399581495
30471889,0.013780963203024773
12953222,0.04313067859941986
21506549,0.028455820901222315
27680368,0.013780963203024773
19841810,0.028455820901222315
15121719,0.07248039399581495
15309267,0.04313067859941986
27208173,0.13117982478860513
20871400,0.07248039399581495
23161834,-0.0008938944951727701
35072679,0.013780963203024773
19167500,-0.0008938944951727701
27845618,0.013780963203024773
16743930,0.04313067859941986
22959485,0.028455820901222315
17088322,0.0578055362976174
10075535,-0.0008938944951727701
887363,3.56509652616683
33318824,0.013780963203024773
35553765,0.04313067859941986
51810361,-0.0008938944951727701
48826875,0.07248039399581495
30165768,0.0578055362976174
13473515,0.35130269026156824
17231306,-0.0008938944951727701
53277225,-0.0008938944951727701
20145873,0.24857868637418545
6290193,-0.0008938944951727701
26539561,-0.0008938944951727701
369443,0.04313067859941986
17762265,0.013780963203024773
46135707,0.028455820901222315
42329979,-0.0008938944951727701
13454717,0.013780963203024773
51583747,0.013780963203024773
31320110,0.08715525169401249
23445627,0.0578055362976174
19446681,-0.0008938944951727701
30666086,0.0578055362976174
15798124,0.0578055362976174
38688648,0.04313067859941986
37751620,-0.0008938944951727701
14678120,0.07248039399581495
22500914,-0.0008938944951727701
1318506,0.11650496709040757
32192894,0.013780963203024773
39869974,-0.0008938944951727701
33616997,0.028455820901222315
6253533,0.028455820901222315
46455860,0.07248039399581495
678632,0.013780963203024773
940131,0.013780963203024773
18635110,0.04313067859941986
50650878,0.0578055362976174
6611550,0.04313067859941986
28558238,0.013780963203024773
48622192,0.013780963203024773
53212275,0.028455820901222315
14108769,0.24857868637418545
13662443,0.0578055362976174
29479399,-0.0008938944951727701
20950487,0.07248039399581495
879765,0.2339038286759879
11236372,0.35130269026156824
36237250,0.11650496709040757
26596816,0.07248039399581495
27509471,0.08715525169401249
31170378,0.2339038286759879
20497038,0.0578055362976174
15011753,0.04313067859941986
21929771,0.013780963203024773
17515276,0.04313067859941986
44655928,0.20455411327959283
37160720,0.028455820901222315
39121955,0.07248039399581495
27944224,0.0578055362976174
18500087,0.028455820901222315
44790074,0.028455820901222315
25624966,0.04313067859941986
11022360,0.08715525169401249
29984428,0.04313067859941986
2387748,0.2339038286759879
26094746,0.14585468248680267
19644952,0.11650496709040757
25361914,0.028455820901222315
2438858,0.14585468248680267
28461634,0.013780963203024773
21835273,0.013780963203024773
39475119,0.013780963203024773
24456042,0.21922897097779037
24096996,-0.0008938944951727701
44954134,0.013780963203024773
15923221,0.013780963203024773
38998030,0.013780963203024773
29176337,-0.0008938944951727701
41103330,0.10183010939221003
53360609,0.07248039399581495
32621868,-0.0008938944951727701
2482626,-0.0008938944951727701
28198229,0.0578055362976174
12179090,0.04313067859941986
24578419,0.24857868637418545
11248103,-0.0008938944951727701
28642346,0.0578055362976174
629533,0.11650496709040757
13910009,0.0578055362976174
13955377,0.04313067859941986
3101510,0.028455820901222315
47991006,0.013780963203024773
11347569,0.013780963203024773
11528293,0.013780963203024773
31271443,0.08715525169401249
27065274,-0.0008938944951727701
27003543,0.013780963203024773
22137785,0.04313067859941986
24959252,0.04313067859941986
21149185,-0.0008938944951727701
26919614,0.013780963203024773
13053226,0.028455820901222315
235761,0.013780963203024773
17128758,0.028455820901222315
27230516,0.0578055362976174
14985430,0.04313067859941986
45504443,0.028455820901222315
5367884,0.11650496709040757
19038862,0.04313067859941986
35749242,0.028455820901222315
11678704,0.013780963203024773
51200854,0.028455820901222315
29930622,0.07248039399581495
49474291,0.028455820901222315
43090610,0.04313067859941986
5563966,0.04313067859941986
15295555,0.013780963203024773
21047622,0.93829699818947
25759661,-0.0008938944951727701
18083374,0.04313067859941986
22122908,-0.0008938944951727701
22621876,0.013780963203024773
26241745,0.028455820901222315
23114131,0.013780963203024773
1562268,0.013780963203024773
38943841,0.028455820901222315
25275383,-0.0008938944951727701
17167841,0.13117982478860513
29196252,0.013780963203024773
54421867,0.04313067859941986
51285431,-0.0008938944951727701
52776031,-0.0008938944951727701
37197913,-0.0008938944951727701
6669054,-0.0008938944951727701
21185485,0.013780963203024773
21329389,0.14585468248680267
52495399,0.013780963203024773
26181176,0.013780963203024773
51136524,-0.0008938944951727701
39222221,0.028455820901222315
27080954,-0.0008938944951727701
42213924,0.013780963203024773
16865988,0.04313067859941986
32559452,0.013780963203024773
47593440,0.0578055362976174
14985574,0.08715525169401249
14497953,0.013780963203024773
19697689,0.013780963203024773
26047022,0.20455411327959283
17836219,0.028455820901222315
38072052,-0.0008938944951727701
20479216,0.08715525169401249
25835733,0.013780963203024773
2421235,-0.015568752193370313
13602429,0.04313067859941986
32774741,0.10183010939221003
44415943,0.013780963203024773
34029135,0.028455820901222315
19457404,0.08715525169401249
1300789,0.028455820901222315
40201951,-0.0008938944951727701
18325111,0.0578055362976174
4353642,-0.05959332528796294
52041672,-0.0008938944951727701
43864651,0.04313067859941986
35943888,0.04313067859941986
26004400,0.013780963203024773
28085133,0.028455820901222315
25588471,0.013780963203024773
19103336,-0.0008938944951727701
1317093,0.5567506980363339
16387501,0.0578055362976174
22641615,0.028455820901222315
18308594,2.185659902536261
936622,0.3659775479597658
21695915,0.013780963203024773
13352245,0.10183010939221003
9487271,0.04313067859941986
48151187,0.028455820901222315
16464125,0.028455820901222315
828978,-0.0008938944951727701
29087870,0.028455820901222315
31222316,0.1605295401850002
51199413,0.013780963203024773
4658218,0.013780963203024773
14349707,0.0578055362976174
45042773,-0.0008938944951727701
17432500,0.013780963203024773
7064808,0.028455820901222315
23740961,0.013780963203024773
26197696,0.04313067859941986
14287995,0.1605295401850002
19748505,0.04313067859941986
7985014,0.11650496709040757
25518383,0.04313067859941986
22305086,0.028455820901222315
13691273,0.08715525169401249
29548794,0.04313067859941986
15690947,0.07248039399581495
1592340,0.08715525169401249
39574842,0.028455820901222315
53742230,0.028455820901222315
45086395,0.013780963203024773
51829082,0.028455820901222315
37775355,0.028455820901222315
23457248,0.07248039399581495
29996068,0.08715525169401249
1496622,0.013780963203024773
37109183,0.028455820901222315
2488508,0.0578055362976174
1818977,0.028455820901222315
35813451,-0.0008938944951727701
47854992,-0.0008938944951727701
5515449,0.013780963203024773
14425153,0.1898792555813953
38785188,0.013780963203024773
16347188,0.5127261249417413
24496914,0.028455820901222315
40464415,0.04313067859941986
23137921,0.10183010939221003
24887945,0.013780963203024773
24547541,0.10183010939221003
19957214,1.8334633177795199
19774003,0.0578055362976174
20553592,0.013780963203024773
19192988,0.013780963203024773
1465505,0.028455820901222315
45266220,0.013780963203024773
32134458,-0.0008938944951727701
15719917,0.028455820901222315
1352939,0.3659775479597658
27072677,-0.0008938944951727701
9648447,0.028455820901222315
23561924,0.028455820901222315
39427972,-0.0008938944951727701
35412160,0.013780963203024773
20198823,0.028455820901222315
21004454,0.07248039399581495
17203123,0.04313067859941986
24368034,0.8208981366038897
17783981,0.04313067859941986
12493278,0.20455411327959283
49395608,0.04313067859941986
23963881,0.04313067859941986
22378375,0.14585468248680267
35631727,-0.0008938944951727701
14456952,0.13117982478860513
40579318,0.028455820901222315
2479894,-0.0008938944951727701
2882342,0.07248039399581495
19920626,0.028455820901222315
19212067,0.04313067859941986
19334399,0.7328489904147044
11757548,1.0556958597750503
19343269,0.10183010939221003
10699380,0.04313067859941986
26722218,-0.0008938944951727701
17489536,-0.0008938944951727701
16023976,0.0578055362976174
11208201,0.013780963203024773
14303320,0.028455820901222315
11648678,0.04313067859941986
18722561,0.1605295401850002
17967466,0.0578055362976174
36487131,-0.0008938944951727701
12661272,0.013780963203024773
15342333,0.013780963203024773
5432310,-0.0008938944951727701
21755280,0.0578055362976174
36107808,0.028455820901222315
9244230,0.028455820901222315
8578828,0.04313067859941986
54934052,0.028455820901222315
1288313,0.24857868637418545
11995752,0.07248039399581495
53388520,0.11650496709040757
22937147,0.0578055362976174
38484321,-0.0008938944951727701
12538204,0.0578055362976174
49287940,0.013780963203024773
28430694,0.013780963203024773
27204111,0.0578055362976174
25231061,0.013780963203024773
44256810,0.013780963203024773
33424692,0.013780963203024773
37316094,-0.0008938944951727701
14206016,0.07248039399581495
15165858,0.04313067859941986
50322725,0.028455820901222315
32728587,0.04313067859941986
25630152,0.013780963203024773
6925937,0.20455411327959283
50747581,0.013780963203024773
49504752,-0.0008938944951727701
4168866,0.028455820901222315
17632824,0.0578055362976174
25283830,0.04313067859941986
14179855,0.0578055362976174
19175768,0.04313067859941986
28695239,0.013780963203024773
411925,0.013780963203024773
3415893,0.0578055362976174
31408374,0.04313067859941986
1599907,0.013780963203024773
3517356,0.013780963203024773
18689649,0.028455820901222315
1923976,-0.0008938944951727701
26573522,-0.0008938944951727701
47680111,-0.0008938944951727701
40100901,0.1898792555813953
27696780,0.028455820901222315
418445,0.08715525169401249
29843106,0.07248039399581495
47423864,0.028455820901222315
31275786,0.028455820901222315
20201394,0.013780963203024773
29947893,0.93829699818947
21909189,0.04313067859941986
27932212,0.07248039399581495
32041238,0.013780963203024773
17655123,0.013780963203024773
37059431,0.028455820901222315
39039255,0.04313067859941986
36755232,0.013780963203024773
24974567,0.0578055362976174
4840863,-0.0008938944951727701
13517408,0.04313067859941986
650254,-0.0008938944951727701
23232483,0.028455820901222315
16670205,0.1605295401850002
21181418,0.028455820901222315
2439676,0.04313067859941986
39296492,0.028455820901222315
41999160,-0.0008938944951727701
640467,0.8355729943020872
611124,0.10183010939221003
38514155,0.04313067859941986
18205869,0.35130269026156824
25554602,-0.0008938944951727701
44672082,0.013780963203024773
28522826,0.04313067859941986
49788116,0.013780963203024773
45185815,0.013780963203024773
35182775,0.013780963203024773
23257776,0.04313067859941986
327548,1.0556958597750503
19014545,0.04313067859941986
26243727,0.013780963203024773
25015442,-0.0008938944951727701
35094626,0.04313067859941986
17182098,0.04313067859941986
26475899,0.0578055362976174
8011214,0.08715525169401249
8401406,0.10183010939221003
24062027,-0.0008938944951727701
48102186,0.07248039399581495
41183853,0.013780963203024773
21234629,0.0578055362976174
32328488,-0.0008938944951727701
26226257,0.028455820901222315
39549096,0.11650496709040757
1456147,-0.07426818298616049
36056133,0.013780963203024773
1691460,0.08715525169401249
50439201,0.028455820901222315
38854368,0.1898792555813953
33518300,-0.0008938944951727701
23922733,0.0578055362976174
11180907,0.13117982478860513
16339213,0.028455820901222315
20158124,-0.0008938944951727701
11225447,0.013780963203024773
27514630,0.028455820901222315
37754280,0.013780963203024773
11299068,0.013780963203024773
43981222,0.04313067859941986
659922,0.10183010939221003
4937435,0.013780963203024773
32684336,0.013780963203024773
52792917,-0.0008938944951727701
51146645,0.028455820901222315
13827596,0.0578055362976174
12087777,0.10183010939221003
3102581,0.10183010939221003
19511807,0.14585468248680267
24736757,0.07248039399581495
17529948,0.013780963203024773
51712105,0.08715525169401249
21961680,0.04313067859941986
51295988,-0.0008938944951727701
51601885,-0.0008938944951727701
13538687,0.2339038286759879
25611194,1.0850455751714454
31077763,0.08715525169401249
15166484,-0.0008938944951727701
49621688,0.028455820901222315
17086789,0.013780963203024773
28135567,0.013780963203024773
12772093,0.24857868637418545
39301095,0.028455820901222315
31655746,0.028455820901222315
37685965,-0.0008938944951727701
42460309,0.04313067859941986
22789044,0.08715525169401249
48516994,-0.0008938944951727701
12934023,0.747523848112902
14251152,0.013780963203024773
35957810,-0.0008938944951727701
3683764,0.028455820901222315
39817126,0.2339038286759879
18991731,0.10183010939221003
24941789,0.04313067859941986
3788523,0.028455820901222315
34376188,0.14585468248680267
47733149,0.013780963203024773
18727316,0.0578055362976174
20993771,0.028455820901222315
23033272,0.013780963203024773
26853561,0.028455820901222315
49163623,-0.0008938944951727701
32997584,0.013780963203024773
35380410,0.0578055362976174
16173919,0.11650496709040757
18541306,0.0578055362976174
19233398,0.04313067859941986
45706797,0.013780963203024773
45833271,-0.0008938944951727701
18758739,0.04313067859941986
21033881,-0.0008938944951727701
43170093,0.04313067859941986
17144502,0.14585468248680267
48623631,0.0578055362976174
45041017,0.028455820901222315
44457490,0.013780963203024773
13222776,0.04313067859941986
5651642,0.013780963203024773
27077342,0.04313067859941986
18655122,0.04313067859941986
23839626,-0.0008938944951727701
52539738,0.013780963203024773
20950686,2.2150096179326564
13701396,0.028455820901222315
1643709,0.028455820901222315
6943478,0.028455820901222315
12841196,-0.0008938944951727701
39571619,0.013780963203024773
1045368,0.24857868637418545
23151703,0.04313067859941986
13302057,0.0578055362976174
49246144,0.04313067859941986
8850584,0.013780963203024773
22661871,0.08715525169401249
25234052,0.04313067859941986
30003317,-0.0008938944951727701
4825374,0.013780963203024773
50049447,0.013780963203024773
18291246,0.028455820901222315
12603283,0.028455820901222315
28116599,-0.0008938944951727701
49748326,0.07248039399581495
14856988,0.08715525169401249
28565040,0.013780963203024773
17399637,0.013780963203024773
38664249,0.10183010939221003
21843093,0.013780963203024773
8012356,-0.0008938944951727701
20080698,0.1605295401850002
15701643,0.013780963203024773
17390757,0.07248039399581495
51061767,0.013780963203024773
36886384,0.013780963203024773
11736964,0.013780963203024773
26947518,0.0578055362976174
20094001,0.14585468248680267
37623501,0.013780963203024773
30154817,-0.0008938944951727701
8669342,-0.0008938944951727701
2782095,0.04313067859941986
288643,0.0578055362976174
20094561,0.028455820901222315
20445861,0.07248039399581495
27673045,0.04313067859941986
23385814,0.04313067859941986
40769841,0.0578055362976174
30344874,0.013780963203024773
48546649,0.013780963203024773
19046955,0.028455820901222315
15117793,0.08715525169401249
26784333,0.14585468248680267
11684685,0.028455820901222315
17125900,0.1898792555813953
49507575,0.0578055362976174
5022355,0.04313067859941986
21579612,0.08715525169401249
33841988,0.04313067859941986
14552042,0.028455820901222315
16057600,-0.0008938944951727701
32873827,0.08715525169401249
25126678,0.04313067859941986
4007468,-0.0008938944951727701
28369952,0.013780963203024773
4984201,-0.0008938944951727701
51884155,0.013780963203024773
20959001,0.013780963203024773
14006878,0.028455820901222315
25943733,0.028455820901222315
51218056,0.013780963203024773
22248438,0.07248039399581495
44175422,-0.0008938944951727701
7348956,0.013780963203024773
22473696,-0.0008938944951727701
1057656,0.13117982478860513
27418771,0.07248039399581495
24845466,0.04313067859941986
44701308,0.013780963203024773
47260907,0.013780963203024773
44285365,0.0578055362976174
5934451,0.028455820901222315
14241093,0.028455820901222315
50842038,0.028455820901222315
17644417,0.013780963203024773
15409922,0.028455820901222315
871482,-0.0008938944951727701
16334019,0.0578055362976174
23197711,0.04313067859941986
30742820,0.17520439788319775
8102833,-0.0008938944951727701
12070240,0.3072781171669756
19803772,0.013780963203024773
8056522,0.04313067859941986
18882784,0.2926032594687781
8887165,0.11650496709040757
50326155,0.028455820901222315
47777804,-0.0008938944951727701
1804600,0.04313067859941986
8589313,-0.0008938944951727701
46203045,0.013780963203024773
14167826,0.028455820901222315
6109453,0.013780963203024773
34655705,0.07248039399581495
1586115,0.07248039399581495
53796810,0.013780963203024773
1017673,0.1605295401850002
25858723,0.013780963203024773
52011883,0.013780963203024773
4165457,-0.0008938944951727701
22167908,0.013780963203024773
18969407,0.028455820901222315
435712,0.0578055362976174
13652765,0.04313067859941986
11518277,0.13117982478860513
12014828,0.028455820901222315
40443850,0.028455820901222315
23219844,0.013780963203024773
49497232,-0.0008938944951727701
525099,0.13117982478860513
25390535,0.04313067859941986
12019630,0.028455820901222315
30549307,0.10183010939221003
30459850,0.013780963203024773
19459790,0.13117982478860513
19629434,0.013780963203024773
346330,0.028455820901222315
50111321,0.013780963203024773
14571031,0.013780963203024773
760118,0.013780963203024773
50163755,0.07248039399581495
35611009,0.028455820901222315
45630784,-0.0008938944951727701
29566095,0.08715525169401249
32495601,-0.015568752193370313
13608455,0.028455820901222315
8663739,0.07248039399581495
18671403,0.028455820901222315
26723646,0.013780963203024773
116621,0.028455820901222315
937602,0.0578055362976174
23868669,0.08715525169401249
31266030,0.04313067859941986
49352106,0.04313067859941986
51575528,-0.0008938944951727701
36828697,0.04313067859941986
44691968,0.013780963203024773
17770399,0.013780963203024773
28187716,0.11650496709040757
12374235,0.028455820901222315
14086590,0.08715525169401249
11176337,0.13117982478860513
18108316,0.1898792555813953
14120601,0.263253544072383
21054384,0.08715525169401249
18938286,0.42467697875255594
6875767,0.0578055362976174
25884718,0.04313067859941986
8616989,-0.0008938944951727701
23922512,0.04313067859941986
47113501,0.04313067859941986
53004815,-0.0008938944951727701
16499906,0.08715525169401249
36470920,0.028455820901222315
35875485,0.04313067859941986
1398673,-0.015568752193370313
15679105,0.07248039399581495
22993136,0.04313067859941986
44875491,0.013780963203024773
28832448,0.04313067859941986
38150584,0.028455820901222315
16201347,0.028455820901222315
27797634,0.0578055362976174
29301028,0.028455820901222315
22488397,-0.0008938944951727701
3387698,0.013780963203024773
1873371,0.013780963203024773
21908271,0.028455820901222315
34384459,0.04313067859941986
50383047,0.013780963203024773
17122588,0.04313067859941986
20754111,0.013780963203024773
13423911,0.1605295401850002
41332139,0.013780963203024773
49471839,0.013780963203024773
42063755,-0.0008938944951727701
14559632,-0.0008938944951727701
2358076,0.013780963203024773
3398855,0.0578055362976174
32423815,0.08715525169401249
14106824,0.04313067859941986
49424257,0.08715525169401249
15967897,0.0578055362976174
28515421,0.013780963203024773
20863600,0.028455820901222315
48084535,-0.0008938944951727701
12857440,-0.0008938944951727701
24512938,0.028455820901222315
48724217,0.04313067859941986
23816320,0.4100021210543584
1834754,0.39532726335616086
14523173,0.028455820901222315
38761356,0.028455820901222315
34679767,0.028455820901222315
12643842,0.2926032594687781
4558456,0.0578055362976174
30109173,0.08715525169401249
1206155,0.028455820901222315
20052978,0.04313067859941986
3841742,0.0578055362976174
46687550,0.0578055362976174
20011077,0.013780963203024773
40772922,0.08715525169401249
37407817,0.013780963203024773
35100119,0.013780963203024773
6760742,0.10183010939221003
12110949,0.08715525169401249
27193456,0.013780963203024773
12247791,0.013780963203024773
18261153,0.013780963203024773
51219779,0.08715525169401249
28388261,-0.0008938944951727701
16039375,0.0578055362976174
42653605,0.028455820901222315
27632628,-0.0008938944951727701
17784466,0.1605295401850002
438696,0.20455411327959283
25488211,0.028455820901222315
44911821,0.10183010939221003
19600066,0.013780963203024773
31504549,0.0578055362976174
49346899,0.10183010939221003
26223452,0.0578055362976174
39190674,-0.0008938944951727701
13505484,0.013780963203024773
26722501,0.04313067859941986
18015338,0.028455820901222315
30726445,-0.0008938944951727701
49403260,0.028455820901222315
54914462,-0.0008938944951727701
21650975,0.07248039399581495
21142447,0.10183010939221003
35893879,0.013780963203024773
27158650,0.08715525169401249
20843567,0.07248039399581495
15841930,0.1898792555813953
20740589,0.10183010939221003
374532,-0.0008938944951727701
19801692,0.013780963203024773
11690401,0.028455820901222315
22505966,0.028455820901222315
5448314,0.028455820901222315
13209638,0.07248039399581495
15437147,0.07248039399581495
376799,0.20455411327959283
27661521,0.028455820901222315
24653658,0.10183010939221003
22176896,0.04313067859941986
7892330,0.10183010939221003
12232033,0.028455820901222315
32072702,0.028455820901222315
5463419,0.6007752711309265
14437927,0.04313067859941986
1979714,0.013780963203024773
48222395,0.013780963203024773
46462821,0.013780963203024773
20356276,0.07248039399581495
25099259,0.04313067859941986
16211223,0.028455820901222315
13182301,0.04313067859941986
14245987,0.0578055362976174
29123089,0.028455820901222315
35337254,0.028455820901222315
1093574,0.028455820901222315
30732046,-0.0008938944951727701
27770640,0.0578055362976174
13655200,0.028455820901222315
14683271,0.1605295401850002
19822991,0.013780963203024773
23040729,0.028455820901222315
26998882,0.0578055362976174
9926167,0.08715525169401249
27850242,0.2926032594687781
19575497,0.1898792555813953
50852386,0.013780963203024773
17682694,0.8942724250948774
2954340,-0.0008938944951727701
14470399,0.04313067859941986
25343965,0.04313067859941986
5515042,0.013780963203024773
4924237,0.0578055362976174
25449388,0.0578055362976174
30502635,0.028455820901222315
25959082,0.028455820901222315
7827338,0.10183010939221003
13955197,0.2339038286759879
33844700,0.04313067859941986
23410921,-0.0008938944951727701
14224395,0.08715525169401249
36105902,0.028455820901222315
52895197,-0.0008938944951727701
20576150,0.11650496709040757
9997913,0.013780963203024773
27825218,0.013780963203024773
33641235,-0.0008938944951727701
283684,0.0578055362976174
36261885,0.028455820901222315
27252939,0.42467697875255594
50991287,0.013780963203024773
44977235,0.04313067859941986
36202208,0.04313067859941986
9140543,-0.0008938944951727701
3442041,0.46870155184714857
23116288,0.013780963203024773
26388741,0.07248039399581495
34943247,0.028455820901222315
29107241,0.013780963203024773
16879994,0.028455820901222315
50633578,-0.0008938944951727701
15958312,0.0578055362976174
25093021,0.013780963203024773
40951302,0.04313067859941986
14224943,0.028455820901222315
15343947,0.028455820901222315
23201158,-0.0008938944951727701
3555378,-0.0008938944951727701
46609979,-0.0008938944951727701
49455238,-0.0008938944951727701
35058854,-0.0008938944951727701
28747137,0.013780963203024773
25631844,0.028455820901222315
28762586,-0.0008938944951727701
6009124,0.0578055362976174
20905486,0.013780963203024773
54465409,0.028455820901222315
24092157,0.263253544072383
40692403,0.013780963203024773
45223340,0.0578055362976174
28384434,0.028455820901222315
47968813,-0.0008938944951727701
26368048,0.013780963203024773
439299,-0.015568752193370313
18233635,-0.0008938944951727701
30265875,0.0578055362976174
32787533,0.013780963203024773
22312503,0.013780963203024773
164978,0.0578055362976174
26396470,0.0578055362976174
3141822,-0.0008938944951727701
25263958,0.0578055362976174
22916930,0.0578055362976174
20105624,0.04313067859941986
2366642,0.028455820901222315
19435171,0.04313067859941986
60697,0.0578055362976174
25858265,0.07248039399581495
26724805,0.013780963203024773
19269161,0.028455820901222315
49685126,0.0578055362976174
39707686,-0.0008938944951727701
600195,1.5986655946083592
30718251,-0.0008938944951727701
21173225,0.028455820901222315
30545727,-0.0008938944951727701
18064936,0.14585468248680267
36040155,0.013780963203024773
245295,0.2339038286759879
17948641,0.4833764095453461
8652092,0.14585468248680267
30470252,-0.0008938944951727701
33805403,-0.0008938944951727701
16322529,-0.0008938944951727701
21805636,0.013780963203024773
26372002,0.013780963203024773
14339895,0.028455820901222315
19910096,0.0578055362976174
26818289,0.04313067859941986
18609639,0.0578055362976174
37769452,0.14585468248680267
36814255,0.013780963203024773
12911429,0.04313067859941986
17474065,0.04313067859941986
27167695,0.013780963203024773
698005,0.0578055362976174
39045286,0.04313067859941986
25038942,-0.0008938944951727701
22631232,-0.0008938944951727701
45532393,-0.0008938944951727701
18542821,0.07248039399581495
52210857,0.04313067859941986
25724619,-0.0008938944951727701
22739924,0.1898792555813953
52835784,0.028455820901222315
31360367,0.028455820901222315
33055546,0.028455820901222315
31916107,0.1898792555813953
23437566,0.013780963203024773
3092171,0.013780963203024773
16012995,0.08715525169401249
1293546,-0.0449184675897654
19921297,0.028455820901222315
16472458,0.013780963203024773
25426543,0.0578055362976174
25945798,0.04313067859941986
49488968,0.04313067859941986
16679367,0.07248039399581495
16087009,0.1605295401850002
2648666,-0.0008938944951727701
2769598,0.8502478520002847
39912310,0.028455820901222315
244497,0.10183010939221003
17488830,0.04313067859941986
38430749,0.013780963203024773
34695309,0.013780963203024773
33451636,0.0578055362976174
42437638,0.11650496709040757
31391882,0.013780963203024773
21111723,0.028455820901222315
41736786,0.04313067859941986
12667496,0.028455820901222315
16221095,0.0578055362976174
29460764,0.08715525169401249
24252587,0.028455820901222315
37796332,0.013780963203024773
21030588,0.04313067859941986
26629812,0.028455820901222315
4867830,0.3072781171669756
23103750,0.04313067859941986
36035278,0.10183010939221003
18660960,0.0578055362976174
30790585,0.013780963203024773
15365623,0.04313067859941986
21005339,0.013780963203024773
39792393,0.1898792555813953
3519537,0.013780963203024773
25891456,-0.0008938944951727701
19825027,-0.0008938944951727701
3305148,-0.0008938944951727701
26855173,0.04313067859941986
37396988,-0.0008938944951727701
17039643,0.10183010939221003
12945688,0.028455820901222315
18409118,-0.0008938944951727701
35162445,0.0578055362976174
18409967,-0.0008938944951727701
21651324,0.013780963203024773
11651223,0.0578055362976174
14424098,0.07248039399581495
19913074,0.07248039399581495
30233671,0.013780963203024773
16404513,0.013780963203024773
20662360,0.04313067859941986
3127248,0.013780963203024773
14289444,0.42467697875255594
32136376,0.0578055362976174
18290428,0.013780963203024773
25296850,-0.0008938944951727701
5550178,0.04313067859941986
13928029,0.0578055362976174
325825,0.07248039399581495
12863734,-0.0008938944951727701
17613172,-0.0008938944951727701
25230908,0.11650496709040757
6626734,0.028455820901222315
628622,0.013780963203024773
39052023,0.028455820901222315
13281460,-0.0008938944951727701
11509461,0.20455411327959283
3934895,0.013780963203024773
27903667,0.013780963203024773
53659962,-0.0008938944951727701
15790785,0.028455820901222315
50756370,-0.0008938944951727701
28201425,0.028455820901222315
950531,0.013780963203024773
25004025,0.04313067859941986
42009105,0.028455820901222315
17882939,0.10183010939221003
35911286,0.028455820901222315
5652724,0.04313067859941986
441446,0.27792840177058054
7410491,-0.0008938944951727701
47672379,0.013780963203024773
33189530,0.013780963203024773
13629066,0.13117982478860513
49212034,-0.0008938944951727701
51451825,0.013780963203024773
38412504,0.263253544072383
5623212,0.04313067859941986
29235090,0.11650496709040757
12825001,0.0578055362976174
17355535,0.013780963203024773
19103257,0.028455820901222315
8386461,0.04313067859941986
30379250,0.028455820901222315
52230013,0.028455820901222315
14926243,0.1605295401850002
18520738,0.08715525169401249
27965109,0.1605295401850002
14871038,0.013780963203024773
36826333,0.07248039399581495
2180031,-0.0008938944951727701
18097273,0.013780963203024773
41682074,0.04313067859941986
1988458,0.028455820901222315
18575634,0.013780963203024773
30111001,0.013780963203024773
13628335,0.028455820901222315
1448497,0.013780963203024773
21761595,0.04313067859941986
36678735,0.04313067859941986
51390056,0.028455820901222315
39667408,0.0578055362976174
47682928,0.013780963203024773
12060191,0.028455820901222315
2816913,0.0578055362976174
45897418,0.013780963203024773
19690513,0.263253544072383
5159361,0.07248039399581495
21268417,-0.0008938944951727701
22844910,0.04313067859941986
35032137,0.013780963203024773
23433991,0.04313067859941986
17560465,0.013780963203024773
27412474,-0.0008938944951727701
37324406,0.07248039399581495
31802867,-0.0008938944951727701
18022334,0.013780963203024773
23698511,0.07248039399581495
23255173,-0.0008938944951727701
1505809,-0.0008938944951727701
24594180,0.10183010939221003
1887021,0.13117982478860513
22572758,0.013780963203024773
30286184,0.013780963203024773
46754329,0.013780963203024773
20229645,0.04313067859941986
29637504,0.013780963203024773
49393555,0.013780963203024773
20775981,-0.0008938944951727701
46054749,-0.0008938944951727701
15669040,0.04313067859941986
36445062,0.013780963203024773
53303018,0.028455820901222315
25953875,-0.0008938944951727701
26643372,-0.0008938944951727701
52026436,0.028455820901222315
19921967,-0.0008938944951727701
27736738,-0.0008938944951727701
26474730,0.013780963203024773
22125817,0.11650496709040757
19257843,0.10183010939221003
2836491,0.11650496709040757
23478570,0.0578055362976174
49472348,0.04313067859941986
14505194,0.0578055362976174
39943352,0.028455820901222315
30694583,0.13117982478860513
49336371,-0.0008938944951727701
22993896,0.454026694148951
7337139,0.028455820901222315
23494714,0.013780963203024773
8660243,0.013780963203024773
365934,1.9508621793651004
30149321,0.013780963203024773
12261700,0.13117982478860513
29845873,0.07248039399581495
317459,0.0578055362976174
23735632,0.13117982478860513
29193061,-0.0008938944951727701
175065,0.6154501288291241
3462733,0.013780963203024773
36848621,0.11650496709040757
14284591,0.0578055362976174
3926666,-0.0008938944951727701
14269483,0.20455411327959283
25651198,0.04313067859941986
23028677,0.17520439788319775
11428485,0.08715525169401249
32560722,0.07248039399581495
20081607,0.13117982478860513
19261306,0.013780963203024773
47759938,0.013780963203024773
426804,0.013780963203024773
53570668,0.013780963203024773
12478266,0.0578055362976174
24313486,0.04313067859941986
21879573,0.013780963203024773
21989341,0.028455820901222315
54467987,0.028455820901222315
37436490,0.028455820901222315
53481630,-0.0008938944951727701
27247954,-0.0008938944951727701
26800821,0.028455820901222315
15695918,0.013780963203024773
44267248,-0.0008938944951727701
4069790,0.028455820901222315
24916171,0.013780963203024773
311360,0.11650496709040757
17300592,0.028455820901222315
21255069,-0.0008938944951727701
21756682,0.04313067859941986
16405743,0.013780963203024773
26768509,0.0578055362976174
23780676,0.013780963203024773
32503926,0.0578055362976174
37124693,0.04313067859941986
24208685,0.028455820901222315
12987242,0.028455820901222315
12586576,0.04313067859941986
18258082,0.10183010939221003
15022654,0.04313067859941986
15191821,0.08715525169401249
50797484,0.0578055362976174
1271761,0.0578055362976174
50958140,0.028455820901222315
426461,0.04313067859941986
49913042,-0.0008938944951727701
32851223,0.028455820901222315
26352925,0.028455820901222315
22412829,0.028455820901222315
18204835,0.04313067859941986
20773658,-0.0008938944951727701
16337639,0.7621987058110995
14903651,0.0578055362976174
29194893,0.013780963203024773
49321109,0.028455820901222315
16876609,0.013780963203024773
2768144,0.0578055362976174
29085748,0.0578055362976174
12085880,0.013780963203024773
50863688,0.028455820901222315
18520575,0.04313067859941986
12540263,0.013780963203024773
15707510,0.0578055362976174
51585137,0.013780963203024773
26104888,0.04313067859941986
48936441,0.0578055362976174
42957126,0.04313067859941986
40748470,0.028455820901222315
28919046,0.0578055362976174
33507389,0.0578055362976174
14800487,0.0578055362976174
29845754,0.013780963203024773
52519003,0.028455820901222315
41042286,-0.0008938944951727701
47122497,-0.0008938944951727701
8554220,0.013780963203024773
41351526,0.028455820901222315
40576888,0.08715525169401249
10934230,0.08715525169401249
37426027,0.028455820901222315
13935537,0.04313067859941986
52640661,0.013780963203024773
4741660,0.013780963203024773
46625057,0.0578055362976174
24268760,0.028455820901222315
20275588,0.08715525169401249
21892404,-0.0008938944951727701
2876803,-0.05959332528796294
15848532,0.04313067859941986
27721860,0.028455820901222315
19013012,0.04313067859941986
36730031,0.013780963203024773
51227190,0.07248039399581495
51430384,0.04313067859941986
35080352,0.028455820901222315
53447195,-0.0008938944951727701
19600735,0.07248039399581495
14363251,0.028455820901222315
52329960,0.013780963203024773
38439689,-0.0008938944951727701
33274349,-0.0008938944951727701
17225333,1.4225673022299887
23909478,0.013780963203024773
12352144,0.08715525169401249
21842524,0.028455820901222315
4772085,0.028455820901222315
50296116,0.11650496709040757
49200317,0.013780963203024773
27642809,0.04313067859941986
32075720,-0.0008938944951727701
14866432,0.04313067859941986
1181966,0.013780963203024773
13644168,0.0578055362976174
22478532,0.07248039399581495
23523791,0.013780963203024773
19422858,0.028455820901222315
20911416,0.013780963203024773
26720798,0.013780963203024773
48769020,0.013780963203024773
23413867,0.028455820901222315
32549647,0.013780963203024773
4221171,0.028455820901222315
46620393,-0.0008938944951727701
307637,0.11650496709040757
27202952,0.07248039399581495
16321556,0.07248039399581495
27867015,0.04313067859941986
38672715,0.13117982478860513
7672997,0.04313067859941986
2566527,0.0578055362976174
30013539,0.028455820901222315
275587,-0.0008938944951727701
48793410,0.028455820901222315
2591717,0.04313067859941986
34634401,0.04313067859941986
25568835,0.013780963203024773
26182628,0.013780963203024773
49852541,-0.0008938944951727701
23803991,0.13117982478860513
22710420,0.013780963203024773
14245367,0.04313067859941986
16863908,0.07248039399581495
20692072,0.028455820901222315
9041375,0.013780963203024773
14107095,0.0578055362976174
9063728,0.013780963203024773
29968632,0.028455820901222315
21146487,0.0578055362976174
40957895,0.028455820901222315
2277710,-0.0008938944951727701
14182276,0.013780963203024773
48320760,0.07248039399581495
8913766,0.3659775479597658
47496728,0.028455820901222315
12079491,0.028455820901222315
18351889,-0.0008938944951727701
897218,0.028455820901222315
20145927,0.8502478520002847
15462805,-0.0008938944951727701
27656372,0.028455820901222315
52952409,0.13117982478860513
5351075,0.028455820901222315
53407282,0.013780963203024773
16482079,0.0578055362976174
7422164,0.013780963203024773
41824860,-0.0008938944951727701
49351977,0.013780963203024773
31190619,0.028455820901222315
20078869,2.875378214351546
37525216,0.013780963203024773
7537987,-0.0008938944951727701
47471089,0.013780963203024773
317055,0.11650496709040757
15477803,0.0578055362976174
2208276,0.013780963203024773
19191885,0.5714255557345315
26080062,0.013780963203024773
31450778,0.0578055362976174
2366092,0.08715525169401249
24020212,0.07248039399581495
42459616,0.08715525169401249
26763833,0.028455820901222315
24558329,0.04313067859941986
35372611,0.10183010939221003
18970233,0.5127261249417413
30284479,0.028455820901222315
12218674,0.013780963203024773
6690393,0.028455820901222315
15663414,0.04313067859941986
3963247,2.8166787835587557
23674838,0.2926032594687781
19925173,0.013780963203024773
16629617,0.04313067859941986
12628636,0.028455820901222315
51374141,-0.0008938944951727701
853611,0.08715525169401249
22411795,0.04313067859941986
32855618,-0.0008938944951727701
12515327,0.04313067859941986
27680241,-0.0008938944951727701
17098594,0.17520439788319775
34687408,0.07248039399581495
14671481,0.04313067859941986
29599630,0.013780963203024773
18797455,0.013780963203024773
53021779,0.04313067859941986
20634401,0.013780963203024773
647811,0.21922897097779037
16939689,0.0578055362976174
8582939,-0.07426818298616049
36140471,0.04313067859941986
19285564,0.08715525169401249
18135764,-0.0008938944951727701
43068777,-0.0008938944951727701
20943083,0.013780963203024773
26684194,0.028455820901222315
142251,0.35130269026156824
30259475,-0.0008938944951727701
52286686,0.07248039399581495
18907529,-0.0008938944951727701
296539,0.04313067859941986
21212967,-0.0008938944951727701
51141816,-0.0008938944951727701
7533505,0.013780963203024773
8492493,0.013780963203024773
210234,0.17520439788319775
34711427,0.013780963203024773
1302755,-0.0008938944951727701
21707932,0.10183010939221003
41509215,0.0578055362976174
9808831,0.013780963203024773
20820757,0.04313067859941986
45058408,0.013780963203024773
39612324,-0.0008938944951727701
19551743,0.013780963203024773
40361091,0.028455820901222315
10825882,0.0578055362976174
24886718,0.013780963203024773
51392194,0.04313067859941986
21842759,0.013780963203024773
5085281,0.028455820901222315
14122989,0.028455820901222315
33260256,0.013780963203024773
28840367,0.028455820901222315
49620349,-0.0008938944951727701
54494227,0.013780963203024773
9109127,0.013780963203024773
24289613,0.013780963203024773
27453084,0.3072781171669756
51236320,0.0578055362976174
33843862,0.013780963203024773
50768146,0.028455820901222315
12691407,0.013780963203024773
15505487,0.028455820901222315
29219921,-0.0008938944951727701
14107094,0.14585468248680267
1106928,0.028455820901222315
40727674,0.028455820901222315
12551565,0.7181741327165069
51938335,0.0578055362976174
45192260,0.013780963203024773
23301182,0.028455820901222315
33281322,0.028455820901222315
45689675,0.04313067859941986
28651206,0.013780963203024773
246093,0.04313067859941986
41620482,0.013780963203024773
50483863,0.013780963203024773
51913324,-0.0008938944951727701
17460043,0.013780963203024773
39757681,0.07248039399581495
28697827,0.11650496709040757
37506620,-0.0008938944951727701
14041003,-0.0008938944951727701
14006773,0.028455820901222315
17402833,0.07248039399581495
10445463,-0.0008938944951727701
30775818,0.08715525169401249
28164422,0.013780963203024773
19191796,0.07248039399581495
17152507,0.10183010939221003
15118777,0.04313067859941986
51708106,0.013780963203024773
43271532,0.013780963203024773
38260354,0.0578055362976174
2003512,0.028455820901222315
52292433,0.013780963203024773
24221824,-0.0008938944951727701
27835492,0.013780963203024773
22556506,0.9823215712840626
33912104,0.013780963203024773
15397276,0.0578055362976174
40460561,0.028455820901222315
50297186,0.013780963203024773
53938012,0.013780963203024773
49225076,0.013780963203024773
32398771,0.04313067859941986
23341378,0.07248039399581495
20381739,0.028455820901222315
43632891,0.14585468248680267
30505956,-0.0008938944951727701
216386,0.028455820901222315
6953307,0.028455820901222315
54952971,-0.0008938944951727701
26003138,-0.0008938944951727701
49753451,0.07248039399581495
25411583,-0.0008938944951727701
52249646,-0.0008938944951727701
17525923,0.1605295401850002
32782048,0.08715525169401249
11391756,0.013780963203024773
4525304,0.0578055362976174
37314784,-0.0008938944951727701
2799482,0.1605295401850002
40588302,0.1605295401850002
35269289,-0.0008938944951727701
14954385,0.028455820901222315
1191649,0.028455820901222315
6222491,-0.0008938944951727701
16101416,0.07248039399581495
42799568,0.04313067859941986
9821670,-0.0008938944951727701
24631816,0.028455820901222315
15655265,0.2339038286759879
50659958,-0.0008938944951727701
30456379,0.04313067859941986
31767534,0.08715525169401249
10774257,0.013780963203024773
13274842,0.028455820901222315
31428743,0.013780963203024773
7896765,0.013780963203024773
45140984,0.013780963203024773
19818966,0.0578055362976174
20378589,0.04313067859941986
13825783,0.10183010939221003
38068846,0.028455820901222315
14348454,0.013780963203024773
36312298,0.04313067859941986
4258711,0.013780963203024773
2051125,-0.10361789838255557
16994562,0.04313067859941986
27305006,-0.0008938944951727701
53133558,0.013780963203024773
50476472,0.028455820901222315
19049612,-0.0008938944951727701
1224421,0.07248039399581495
2005753,0.07248039399581495
50963597,0.028455820901222315
17422431,0.08715525169401249
15325856,0.04313067859941986
25065353,0.013780963203024773
17319214,-0.0008938944951727701
2120425,0.028455820901222315
30711502,0.0578055362976174
16539379,-0.0008938944951727701
15790339,0.028455820901222315
43369474,0.08715525169401249
35553970,0.013780963203024773
12891905,-0.0008938944951727701
27986480,0.35130269026156824
20672084,0.013780963203024773
43022183,-0.0008938944951727701
23700306,0.1898792555813953
20751711,0.0578055362976174
29834351,0.04313067859941986
15202477,-0.0008938944951727701
13417982,0.04313067859941986
20026201,0.013780963203024773
23130845,0.013780963203024773
15752354,0.028455820901222315
359506,0.27792840177058054
30615661,0.04313067859941986
31185907,-0.0008938944951727701
20280856,-0.0008938944951727701
21216422,0.17520439788319775
2370725,0.11650496709040757
20085884,0.07248039399581495
1044777,0.028455820901222315
49988443,0.013780963203024773
24914634,0.0578055362976174
1795642,0.20455411327959283
11626890,0.07248039399581495
1706558,0.013780963203024773
2194814,0.11650496709040757
2759523,0.08715525169401249
20824014,0.013780963203024773
15395033,0.013780963203024773
2367102,0.04313067859941986
25888809,0.10183010939221003
19145477,0.0578055362976174
5020576,0.028455820901222315
27906182,0.1898792555813953
4245313,0.04313067859941986
53109969,0.013780963203024773
49262269,0.0578055362976174
11596034,0.10183010939221003
39663307,0.028455820901222315
18970869,0.07248039399581495
1650507,-0.0008938944951727701
52046041,0.013780963203024773
36907283,0.04313067859941986
30549517,0.028455820901222315
11156021,0.028455820901222315
33888703,0.07248039399581495
5449242,0.10183010939221003
13921765,0.028455820901222315
41299271,-0.0008938944951727701
44101603,0.013780963203024773
35891060,0.10183010939221003
44994572,0.0578055362976174
36953953,-0.0008938944951727701
896973,0.013780963203024773
12477433,0.0578055362976174
16033058,0.454026694148951
28387692,0.0578055362976174
23971088,0.07248039399581495
21117844,0.04313067859941986
27569537,0.04313067859941986
46161885,0.028455820901222315
43737206,-0.0008938944951727701
7023592,0.08715525169401249
27643297,0.1605295401850002
11053779,0.04313067859941986
2636822,-0.0008938944951727701
33036170,0.04313067859941986
32411951,0.013780963203024773
48023541,0.028455820901222315
13604543,0.07248039399581495
51643277,-0.0008938944951727701
24302248,0.013780963203024773
30273926,0.013780963203024773
20790969,-0.0008938944951727701
32802298,-0.0008938944951727701
33971776,-0.0008938944951727701
35011308,0.0578055362976174
26220774,0.07248039399581495
18002702,0.10183010939221003
52136920,0.013780963203024773
43425350,0.07248039399581495
13131877,-0.0008938944951727701
9622833,0.0578055362976174
16405167,0.028455820901222315
38850784,0.028455820901222315
52030746,0.028455820901222315
25975397,-0.0008938944951727701
20550329,0.0578055362976174
35748861,0.013780963203024773
53193892,0.028455820901222315
51577169,0.028455820901222315
11264698,-0.0008938944951727701
38463498,-0.0008938944951727701
15317155,0.028455820901222315
23086633,0.013780963203024773
5759405,0.013780963203024773
25898013,0.04313067859941986
24450732,0.0578055362976174
49621950,0.028455820901222315
3160391,0.028455820901222315
40523126,0.04313067859941986
12876412,0.04313067859941986
13732733,0.0578055362976174
49293568,0.013780963203024773
27387873,-0.0008938944951727701
15553635,0.013780963203024773
39807263,0.04313067859941986
46805285,0.04313067859941986
11683303,0.04313067859941986
342442,0.0578055362976174
16447683,0.028455820901222315
1226722,-0.0008938944951727701
38168365,0.013780963203024773
3826848,-0.030243609891567855
38238899,0.013780963203024773
43921753,0.028455820901222315
3971553,0.3072781171669756
15491515,0.028455820901222315
16763473,0.0578055362976174
43027401,0.013780963203024773
34315576,0.0578055362976174
20702885,-0.0008938944951727701
22430939,0.028455820901222315
12466054,0.013780963203024773
51293748,0.07248039399581495
19256631,0.04313067859941986
699459,0.028455820901222315
26791164,0.13117982478860513
19221229,0.04313067859941986
20619808,0.10183010939221003
31686932,0.04313067859941986
44265043,-0.0008938944951727701
49345794,0.013780963203024773
31845976,0.07248039399581495
16843289,0.0578055362976174
4603120,0.028455820901222315
21514469,0.7621987058110995
17297964,0.11650496709040757
25829389,0.4393518364507535
2195979,0.028455820901222315
787200,0.0578055362976174
5271692,2.537856487293002
452660,0.028455820901222315
38421775,0.013780963203024773
28755312,0.028455820901222315
291981,0.04313067859941986
14230915,0.1605295401850002
9351292,0.0578055362976174
31255312,0.028455820901222315
51489194,0.0578055362976174
10212758,0.013780963203024773
13424658,0.14585468248680267
52697652,0.04313067859941986
44097593,0.013780963203024773
628066,0.04313067859941986
30824428,-0.0008938944951727701
50859582,0.013780963203024773
18261428,0.0578055362976174
27589327,0.10183010939221003
19646351,0.013780963203024773
50902968,0.0578055362976174
21345487,0.013780963203024773
42009949,0.028455820901222315
30024890,0.0578055362976174
53994821,0.013780963203024773
27668273,0.013780963203024773
33890724,0.028455820901222315
16039920,0.013780963203024773
34737882,0.04313067859941986
27887135,0.013780963203024773
7042592,0.14585468248680267
28859147,0.013780963203024773
22478111,0.013780963203024773
5681034,-0.0008938944951727701
40628661,0.1605295401850002
20543789,-0.0008938944951727701
29297949,0.04313067859941986
29673949,0.013780963203024773
15188006,0.0578055362976174
14861195,0.04313067859941986
18241888,0.028455820901222315
28013958,0.013780963203024773
29220378,-0.0008938944951727701
39973525,0.028455820901222315
124896,-0.0008938944951727701
41197630,0.013780963203024773
27875488,-0.0008938944951727701
185402,-0.0008938944951727701
37391281,-0.0008938944951727701
14619150,0.013780963203024773
20302807,0.07248039399581495
156851,0.17520439788319775
24287978,0.08715525169401249
15663467,0.028455820901222315
20078815,0.08715525169401249
15124774,0.04313067859941986
11925595,0.0578055362976174
19610167,0.013780963203024773
25879027,0.0578055362976174
24118751,0.13117982478860513
23246526,0.07248039399581495
6903909,0.07248039399581495
35101311,0.0578055362976174
51244535,0.04313067859941986
22023756,0.07248039399581495
13942715,0.263253544072383
35426253,0.028455820901222315
38996764,0.028455820901222315
31205356,0.07248039399581495
33175349,0.013780963203024773
29966162,0.07248039399581495
26013968,0.0578055362976174
310252,-0.05959332528796294
9885191,-0.0008938944951727701
37030880,0.013780963203024773
14489370,0.04313067859941986
13922368,-0.0008938944951727701
18923501,0.07248039399581495
2223772,0.028455820901222315
4149610,0.07248039399581495
6190013,0.013780963203024773
12809947,-0.0008938944951727701
29957805,0.04313067859941986
27602658,0.013780963203024773
1999998,0.11650496709040757
46156166,0.013780963203024773
42750615,-0.0008938944951727701
13748530,0.013780963203024773
7713976,0.028455820901222315
4607368,0.0578055362976174
21104754,0.0578055362976174
46533056,0.028455820901222315
15949631,0.07248039399581495
20735336,0.10183010939221003
28714437,-0.0008938944951727701
8188617,0.2339038286759879
21184655,0.028455820901222315
25837646,0.013780963203024773
34647309,0.013780963203024773
51220695,0.013780963203024773
36100090,-0.0008938944951727701
34467220,0.07248039399581495
146862,0.013780963203024773
760709,0.04313067859941986
31732073,0.028455820901222315
1203289,0.028455820901222315
26485354,-0.0008938944951727701
258329,0.04313067859941986
26569496,0.013780963203024773
48104949,0.0578055362976174
21480693,0.07248039399581495
16844741,0.013780963203024773
1189336,0.08715525169401249
2551963,0.2339038286759879
712373,-0.0008938944951727701
21952826,0.028455820901222315
1600975,0.0578055362976174
24247200,0.013780963203024773
27938516,0.013780963203024773
28444573,-0.0008938944951727701
41401860,0.10183010939221003
16787426,0.08715525169401249
4353994,0.013780963203024773
16447342,0.13117982478860513
20058445,0.028455820901222315
35459581,0.028455820901222315
20751388,0.013780963203024773
19597116,0.04313067859941986
24871450,0.08715525169401249
21145969,0.028455820901222315
23800452,0.028455820901222315
541704,0.07248039399581495
47472763,0.028455820901222315
21993349,0.013780963203024773
50310425,0.04313067859941986
30024069,0.013780963203024773
21269017,0.028455820901222315
32444559,-0.0008938944951727701
21583817,3.9466428263199664
27333312,-0.0008938944951727701
29842363,0.013780963203024773
17853370,0.10183010939221003
19056942,0.0578055362976174
19692698,-0.0008938944951727701
16471185,0.013780963203024773
11618280,0.49805126724354365
5684292,0.013780963203024773
19507121,-0.0008938944951727701
37925004,0.028455820901222315
7661941,0.08715525169401249
26585986,0.04313067859941986
28628704,0.07248039399581495
22505820,-0.0008938944951727701
11915539,0.10183010939221003
35369274,0.07248039399581495
22454602,0.1898792555813953
20895418,0.0578055362976174
44571027,0.07248039399581495
51845451,-0.0008938944951727701
22957426,0.04313067859941986
16322630,0.013780963203024773
30310883,0.013780963203024773
28190542,0.07248039399581495
3610732,0.013780963203024773
41431463,0.10183010939221003
17606195,-0.0008938944951727701
25877141,0.028455820901222315
39971603,-0.0008938944951727701
7699555,0.013780963203024773
6164481,0.14585468248680267
28799871,-0.0008938944951727701
22761938,-0.0008938944951727701
47001646,-0.0008938944951727701
5770156,0.07248039399581495
24593951,0.028455820901222315
12253341,0.07248039399581495
24038993,-0.0008938944951727701
2413248,0.028455820901222315
49505060,0.013780963203024773
49009675,0.028455820901222315
7241475,0.028455820901222315
9884862,0.013780963203024773
12990639,0.3072781171669756
12249962,0.0578055362976174
25627266,0.0578055362976174
35092094,-0.0008938944951727701
32141496,0.0578055362976174
32860477,0.04313067859941986
24069999,0.013780963203024773
23691365,0.0578055362976174
22559153,0.10183010939221003
12000891,-0.0008938944951727701
14696121,0.0578055362976174
21210725,0.07248039399581495
37225073,0.013780963203024773
25158732,0.028455820901222315
36726376,0.013780963203024773
27885587,-0.0008938944951727701
33010488,-0.0008938944951727701
44702060,0.028455820901222315
1420994,0.11650496709040757
375775,0.013780963203024773
34207195,0.04313067859941986
21001204,0.013780963203024773
20403350,0.10183010939221003
26899603,-0.0008938944951727701
22731426,0.013780963203024773
16769208,-0.0008938944951727701
747028,0.04313067859941986
26940420,0.028455820901222315
20937365,0.013780963203024773
29154773,0.04313067859941986
16016463,0.07248039399581495
16170462,0.028455820901222315
14823745,0.04313067859941986
11696093,-0.0008938944951727701
51992318,0.013780963203024773
11774931,0.1605295401850002
9011487,0.013780963203024773
45688177,-0.0008938944951727701
15636737,0.04313067859941986
606073,0.08715525169401249
30138567,0.013780963203024773
12721741,0.04313067859941986
11350284,0.04313067859941986
29252919,0.028455820901222315
11393723,0.2339038286759879
14608663,-0.0008938944951727701
23490068,0.0578055362976174
22179410,0.028455820901222315
12339023,0.013780963203024773
3815608,0.04313067859941986
410284,0.10183010939221003
29957970,0.07248039399581495
24594366,0.07248039399581495
39491156,0.028455820901222315
14793196,0.0578055362976174
46283680,0.04313067859941986
263068,0.24857868637418545
26856125,0.013780963203024773
1196815,-0.030243609891567855
19839621,0.028455820901222315
41448953,0.028455820901222315
19434203,0.028455820901222315
42212227,0.013780963203024773
18667977,0.08715525169401249
47669710,0.07248039399581495
18905400,0.10183010939221003
19168972,0.04313067859941986
27639910,0.013780963203024773
3699819,0.028455820901222315
2119468,0.07248039399581495
14838171,0.028455820901222315
29844780,0.0578055362976174
18125821,0.2339038286759879
43768726,0.013780963203024773
25803429,-0.0008938944951727701
897209,-0.0008938944951727701
34764467,0.013780963203024773
18232247,0.08715525169401249
5435102,-0.0008938944951727701
11383245,0.10183010939221003
52882375,0.04313067859941986
21737311,0.028455820901222315
15173005,0.028455820901222315
53803537,-0.0008938944951727701
45833088,0.013780963203024773
18865785,0.0578055362976174
17390229,0.04313067859941986
40536317,0.013780963203024773
1221588,0.013780963203024773
39966400,0.04313067859941986
22432129,0.028455820901222315
33352919,0.028455820901222315
23766408,0.11650496709040757
13664222,0.013780963203024773
54275344,0.013780963203024773
26187018,0.013780963203024773
29637634,0.028455820901222315
26300591,0.028455820901222315
5492809,0.11650496709040757
20221916,0.07248039399581495
44089059,0.013780963203024773
11959628,0.04313067859941986
35961169,0.04313067859941986
28788389,0.013780963203024773
5129129,0.013780963203024773
53467277,-0.0008938944951727701
25982329,0.08715525169401249
44263675,0.013780963203024773
20058526,0.028455820901222315
49606823,0.013780963203024773
5090536,0.08715525169401249
14941151,0.14585468248680267
20567649,0.20455411327959283
14631741,0.35130269026156824
21809043,0.04313067859941986
34637187,0.013780963203024773
32141423,0.028455820901222315
21224589,-0.0008938944951727701
34819497,0.028455820901222315
33974369,0.028455820901222315
37227332,-0.0008938944951727701
22564692,0.08715525169401249
19488479,0.028455820901222315
2546388,0.07248039399581495
20440859,0.028455820901222315
11320969,-0.0008938944951727701
21767860,0.013780963203024773
36311278,0.013780963203024773
23893972,0.013780963203024773
29192768,0.013780963203024773
25940746,0.028455820901222315
2193788,0.028455820901222315
42600997,-0.0008938944951727701
23219437,0.08715525169401249
45299339,0.04313067859941986
15665502,-0.0008938944951727701
14892402,0.14585468248680267
19233810,0.028455820901222315
28827752,0.10183010939221003
3125012,0.013780963203024773
30801802,0.013780963203024773
19668429,0.3659775479597658
18005695,0.0578055362976174
18782307,-0.0008938944951727701
975709,0.013780963203024773
18002483,0.013780963203024773
39280419,0.0578055362976174
13865058,0.028455820901222315
43483976,0.07248039399581495
23844924,0.013780963203024773
32724622,0.013780963203024773
27676906,0.013780963203024773
16473335,0.028455820901222315
50013980,-0.0008938944951727701
43192288,0.013780963203024773
22355073,0.04313067859941986
22713574,0.028455820901222315
13218066,0.013780963203024773
42746999,-0.0008938944951727701
4931347,0.04313067859941986
21683230,0.08715525169401249
20726022,0.14585468248680267
35831161,-0.0008938944951727701
5668913,0.013780963203024773
50515071,-0.0008938944951727701
14553532,0.08715525169401249
15155259,0.08715525169401249
30626141,0.028455820901222315
22267495,0.10183010939221003
15145134,0.028455820901222315
27324319,0.013780963203024773
41763082,0.04313067859941986
31278287,-0.0008938944951727701
7483908,0.08715525169401249
36286766,0.028455820901222315
19825550,0.07248039399581495
17231974,0.10183010939221003
17346495,0.04313067859941986
18716613,0.08715525169401249
27170315,0.028455820901222315
48050501,0.13117982478860513
48110976,0.028455820901222315
22116466,0.013780963203024773
20202063,0.013780963203024773
12591702,0.013780963203024773
15276352,0.013780963203024773
8032769,0.013780963203024773
32464486,0.42467697875255594
49540873,0.04313067859941986
32954749,0.013780963203024773
11705135,0.028455820901222315
1890242,0.013780963203024773
21150794,0.028455820901222315
3585381,0.028455820901222315
12579790,0.1898792555813953
43441568,-0.0008938944951727701
25780798,0.028455820901222315
26230047,0.028455820901222315
1419098,0.3366278325633707
23763477,0.028455820901222315
325742,0.04313067859941986
1187761,0.028455820901222315
27930100,0.3072781171669756
41139091,-0.0008938944951727701
2872896,0.0578055362976174
15397996,0.07248039399581495
33396446,0.013780963203024773
21506352,-0.0008938944951727701
23033261,0.17520439788319775
20096972,0.013780963203024773
16560975,0.08715525169401249
39169745,0.13117982478860513
51374333,0.04313067859941986
19282603,0.013780963203024773
2968475,-0.0008938944951727701
42230134,0.013780963203024773
20960208,0.013780963203024773
17431751,0.028455820901222315
51792186,0.028455820901222315
20720922,0.028455820901222315
34560546,0.10183010939221003
14657208,0.013780963203024773
46502899,0.0578055362976174
35242633,0.028455820901222315
23780545,0.013780963203024773
19148273,-0.0008938944951727701
20608561,-0.0008938944951727701
634725,0.04313067859941986
476633,0.10183010939221003
8570014,0.04313067859941986
17201216,0.11650496709040757
20983637,0.028455820901222315
16546424,0.07248039399581495
15277825,0.04313067859941986
20085327,0.028455820901222315
11702377,-0.0008938944951727701
27066977,0.013780963203024773
46538886,0.08715525169401249
447133,0.04313067859941986
14004629,0.028455820901222315
29316467,-0.0008938944951727701
17599050,0.07248039399581495
51335118,0.013780963203024773
26517455,-0.0008938944951727701
18966176,0.028455820901222315
23305059,0.0578055362976174
54787498,0.04313067859941986
18738187,0.0578055362976174
11571668,0.028455820901222315
8102548,-0.0008938944951727701
42330149,-0.0008938944951727701
4234936,0.0578055362976174
28496766,0.013780963203024773
24081748,0.04313067859941986
31380529,0.013780963203024773
19648207,0.04313067859941986
3338954,0.04313067859941986
11329260,0.028455820901222315
19153040,0.04313067859941986
50919394,0.013780963203024773
15749635,0.11650496709040757
26596805,-0.0008938944951727701
44777029,0.028455820901222315
52126803,0.013780963203024773
27610995,0.028455820901222315
313105,0.08715525169401249
35087477,0.013780963203024773
32138809,-0.0008938944951727701
32325856,0.013780963203024773
29006756,0.028455820901222315
15296770,0.0578055362976174
20413406,0.10183010939221003
9234951,0.11650496709040757
7148001,0.028455820901222315
48140169,0.013780963203024773
30472761,0.028455820901222315
278006,0.013780963203024773
49558850,0.0578055362976174
13471946,0.028455820901222315
17128215,0.028455820901222315
45388827,-0.0008938944951727701
22435614,-0.0008938944951727701
26468466,0.013780963203024773
29207617,0.04313067859941986
15999114,0.013780963203024773
51713547,0.013780963203024773
36801007,0.013780963203024773
28816124,-0.0008938944951727701
15341269,0.21922897097779037
13053999,0.0578055362976174
51142132,0.028455820901222315
41564695,-0.0008938944951727701
10915991,0.028455820901222315
21210737,0.04313067859941986
50268776,0.04313067859941986
14108832,0.028455820901222315
49677760,0.028455820901222315
20460562,-0.0008938944951727701
9763841,0.04313067859941986
31782547,-0.0008938944951727701
502924,-0.0008938944951727701
7361590,0.028455820901222315
352546,0.35130269026156824
44854477,0.0578055362976174
45729626,0.04313067859941986
21058110,0.028455820901222315
41359750,0.08715525169401249
3128550,0.04313067859941986
1100463,0.07248039399581495
54563382,0.013780963203024773
23416985,0.013780963203024773
21654031,0.0578055362976174
11328962,0.4393518364507535
19938457,0.028455820901222315
28951093,0.013780963203024773
9549302,0.14585468248680267
287492,1.0703707174732477
53565561,0.013780963203024773
50688342,-0.015568752193370313
21428661,0.10183010939221003
8507769,-0.0008938944951727701
17818546,0.04313067859941986
52779986,0.04313067859941986
44874652,0.013780963203024773
20624315,0.3659775479597658
31323534,0.07248039399581495
38866500,-0.0008938944951727701
50389839,0.0578055362976174
26264429,0.07248039399581495
52899635,0.013780963203024773
54369257,0.028455820901222315
40991558,0.013780963203024773
43609709,-0.0008938944951727701
12030877,0.028455820901222315
38524389,0.013780963203024773
2554691,0.028455820901222315
12012813,0.07248039399581495
26015544,0.04313067859941986
34105337,-0.0008938944951727701
16972867,0.04313067859941986
52718431,0.013780963203024773
421359,-0.0008938944951727701
31852395,-0.0008938944951727701
28094011,0.0578055362976174
19944236,0.0578055362976174
15903090,0.028455820901222315
36913729,0.04313067859941986
26170083,-0.0008938944951727701
23422171,0.0578055362976174
41208051,0.04313067859941986
26863926,0.08715525169401249
42502903,0.013780963203024773
21090799,0.04313067859941986
24637283,0.07248039399581495
18263115,0.013780963203024773
9266050,0.013780963203024773
51688270,-0.0008938944951727701
11931729,0.013780963203024773
34631663,0.013780963203024773
35870545,-0.0008938944951727701
51353401,-0.0008938944951727701
45907451,0.013780963203024773
45946481,0.10183010939221003
52106763,-0.0008938944951727701
18637081,0.14585468248680267
35878495,0.10183010939221003
8367112,0.013780963203024773
15953377,-0.0008938944951727701
31377574,0.013780963203024773
1588620,-0.030243609891567855
1108750,-0.0008938944951727701
28089817,0.04313067859941986
5394248,0.013780963203024773
40192433,0.013780963203024773
20045216,0.013780963203024773
34269245,0.0578055362976174
23392800,0.013780963203024773
23598087,0.14585468248680267
15209622,0.04313067859941986
26346438,0.013780963203024773
19334670,0.07248039399581495
37037638,0.04313067859941986
40226183,0.8062232789056921
23953254,-0.0008938944951727701
14968701,0.0578055362976174
3570427,0.1898792555813953
17032119,0.028455820901222315
12568621,0.013780963203024773
1519645,0.04313067859941986
29333860,0.013780963203024773
25650943,0.2926032594687781
30737388,0.028455820901222315
17746308,-0.0008938944951727701
24347762,0.04313067859941986
9782861,0.07248039399581495
364993,0.263253544072383
51005252,0.04313067859941986
23975313,0.013780963203024773
44089019,-0.0008938944951727701
15998859,0.028455820901222315
51165190,0.07248039399581495
28384686,-0.0008938944951727701
21730967,0.013780963203024773
52835329,-0.0008938944951727701
42872980,0.013780963203024773
20928772,0.04313067859941986
16878002,0.04313067859941986
25281610,0.028455820901222315
10911312,0.028455820901222315
45647959,0.013780963203024773
7617992,-0.0008938944951727701
27085260,0.013780963203024773
38061622,0.013780963203024773
36889800,0.17520439788319775
29038348,-0.0008938944951727701
25982196,0.04313067859941986
16589335,0.04313067859941986
13593230,0.10183010939221003
35391004,0.028455820901222315
18411542,0.028455820901222315
26470508,-0.0008938944951727701
28225177,0.028455820901222315
19380430,0.013780963203024773
2684552,-0.0008938944951727701
15303599,0.04313067859941986
21624163,0.0578055362976174
25315084,0.10183010939221003
17219154,0.04313067859941986
14967041,0.08715525169401249
1550635,-0.0008938944951727701
26433339,0.08715525169401249
53150862,-0.0008938944951727701
37110813,0.24857868637418545
35699493,0.013780963203024773
11281590,0.013780963203024773
35404076,0.028455820901222315
892571,0.013780963203024773
28124094,0.0578055362976174
32975741,0.2339038286759879
43933242,0.028455820901222315
25671900,0.07248039399581495
52526258,0.04313067859941986
24057881,0.11650496709040757
13210092,0.04313067859941986
41219364,0.0578055362976174
14642360,0.028455820901222315
24828980,-0.0008938944951727701
2833559,0.04313067859941986
23369276,0.0578055362976174
21087303,0.1605295401850002
354416,-0.015568752193370313
15613559,0.04313067859941986
21390791,0.04313067859941986
3040148,0.04313067859941986
23804771,-0.0008938944951727701
27638796,0.1605295401850002
57367,0.04313067859941986
1269125,0.0578055362976174
25130880,0.013780963203024773
23128569,-0.0008938944951727701
20477349,0.07248039399581495
51584331,0.07248039399581495
27035360,0.04313067859941986
5900648,0.10183010939221003
3679204,0.013780963203024773
18936559,0.04313067859941986
12974437,0.07248039399581495
32934078,0.11650496709040757
29742763,0.028455820901222315
39437408,0.04313067859941986
31424568,0.07248039399581495
28613556,0.028455820901222315
1580367,0.04313067859941986
17601336,0.028455820901222315
24140734,0.3659775479597658
35786852,-0.0008938944951727701
41480352,0.013780963203024773
25763215,0.013780963203024773
51567115,0.013780963203024773
18203677,0.028455820901222315
51971989,0.04313067859941986
42467036,0.013780963203024773
27454134,0.04313067859941986
15442600,0.013780963203024773
7967574,0.013780963203024773
16446101,0.04313067859941986
29577507,0.028455820901222315
13365490,0.04313067859941986
16527803,0.0578055362976174
15742362,0.028455820901222315
107836,4.372213699567695
18184710,0.028455820901222315
12760806,0.04313067859941986
51832123,0.08715525169401249
16107626,0.013780963203024773
28812150,0.013780963203024773
40639908,-0.0008938944951727701
11718113,0.13117982478860513
17210441,0.028455820901222315
18156903,0.10183010939221003
16105641,0.04313067859941986
15865945,0.07248039399581495
23502935,0.04313067859941986
20337020,0.013780963203024773
23521810,0.013780963203024773
37058144,-0.0008938944951727701
19499264,0.013780963203024773
34353754,0.013780963203024773
20847591,0.028455820901222315
51605509,0.028455820901222315
14532010,0.028455820901222315
11111028,0.028455820901222315
18069841,0.04313067859941986
54441649,0.013780963203024773
29479498,0.04313067859941986
1451134,0.11650496709040757
17664836,0.013780963203024773
9365540,0.0578055362976174
24846172,0.04313067859941986
46689760,0.028455820901222315
29658244,0.028455820901222315
30932151,0.04313067859941986
28298312,-0.0008938944951727701
29965298,-0.0008938944951727701
39624465,-0.0008938944951727701
21202577,0.04313067859941986
11485040,0.04313067859941986
11917093,0.11650496709040757
24000917,0.013780963203024773
49308334,0.04313067859941986
25213141,0.07248039399581495
41532275,0.0578055362976174
26447359,0.028455820901222315
16570014,0.07248039399581495
19331705,0.013780963203024773
52028502,0.0578055362976174
12277584,0.013780963203024773
35958141,0.028455820901222315
401316,0.10183010939221003
41829455,0.08715525169401249
44647815,0.0578055362976174
16844262,-0.0008938944951727701
735593,0.24857868637418545
35406830,0.013780963203024773
14211779,0.028455820901222315
44045279,0.028455820901222315
12827418,0.08715525169401249
5464904,0.0578055362976174
17797566,0.028455820901222315
25227415,0.013780963203024773
44457036,-0.0008938944951727701
731652,0.07248039399581495
37227275,0.013780963203024773
21322926,0.07248039399581495
28985859,0.08715525169401249
29290238,-0.0008938944951727701
15139639,0.04313067859941986
7964400,0.013780963203024773
29600576,0.04313067859941986
8907075,0.013780963203024773
27585826,0.013780963203024773
42055975,0.013780963203024773
21809829,-0.0008938944951727701
12316962,0.0578055362976174
16225377,0.04313067859941986
25951927,0.028455820901222315
21608531,0.07248039399581495
22789533,-0.0008938944951727701
14389195,0.013780963203024773
21008481,0.0578055362976174
23706043,0.013780963203024773
43916500,0.028455820901222315
34960733,-0.0008938944951727701
36956808,-0.0008938944951727701
23544805,-0.0008938944951727701
51987542,0.04313067859941986
29073780,0.028455820901222315
27409558,0.013780963203024773
32276246,0.028455820901222315
1839384,-0.0008938944951727701
50036860,0.04313067859941986
22428414,0.028455820901222315
49403178,-0.0008938944951727701
15433168,0.028455820901222315
29127255,-0.0008938944951727701
20047900,0.07248039399581495
18570909,0.0578055362976174
21185544,0.028455820901222315
18400382,0.013780963203024773
21958701,0.028455820901222315
25705113,0.013780963203024773
27967687,0.0578055362976174
10923170,0.0578055362976174
12289072,0.07248039399581495
41514422,0.028455820901222315
21313105,0.04313067859941986
26811172,0.013780963203024773
39963544,0.028455820901222315
27826904,0.04313067859941986
1248556,0.028455820901222315
16892682,0.028455820901222315
49213359,0.013780963203024773
18590102,0.04313067859941986
19068661,0.0578055362976174
13989932,0.0578055362976174
24510379,0.04313067859941986
1041206,0.04313067859941986
15835083,0.14585468248680267
14452182,0.013780963203024773
54553480,0.013780963203024773
29333769,0.013780963203024773
11435979,0.028455820901222315
14897791,0.04313067859941986
14379804,0.0578055362976174
598227,0.13117982478860513
21563924,0.0578055362976174
4107136,-0.0008938944951727701
13521880,-0.0008938944951727701
2507023,0.07248039399581495
12058762,0.028455820901222315
50500256,0.07248039399581495
14738094,0.013780963203024773
14361362,1.5252913061173716
1362647,0.013780963203024773
16510328,0.08715525169401249
18367068,1.3491930137390011
377939,0.028455820901222315
25399220,0.013780963203024773
2115732,0.013780963203024773
43809431,0.028455820901222315
17459374,-0.0008938944951727701
12303240,0.04313067859941986
15251430,0.04313067859941986
16997244,0.013780963203024773
13280789,0.3072781171669756
41573642,0.028455820901222315
13179558,0.0578055362976174
45243586,-0.0008938944951727701
46636062,0.013780963203024773
18308271,-0.0008938944951727701
41534720,0.028455820901222315
16024178,-0.0008938944951727701
12565315,0.27792840177058054
142450,6.089172050256807
16309019,0.013780963203024773
13358975,0.0578055362976174
3395488,-0.0008938944951727701
47560581,0.04313067859941986
29161740,0.5714255557345315
23845025,0.04313067859941986
15137646,0.08715525169401249
29393300,0.08715525169401249
11308453,0.013780963203024773
18498447,0.028455820901222315
6066841,0.08715525169401249
33170992,0.013780963203024773
17615352,-0.0008938944951727701
16825640,0.028455820901222315
24203295,0.04313067859941986
45909615,0.028455820901222315
18007430,0.04313067859941986
842600,0.028455820901222315
29938759,0.08715525169401249
54852745,-0.0008938944951727701
26552308,0.04313067859941986
26247420,0.08715525169401249
14246777,0.013780963203024773
20507165,0.0578055362976174
35815748,0.013780963203024773
18258274,0.028455820901222315
49227177,0.013780963203024773
11273592,0.028455820901222315
18924199,0.10183010939221003
1223089,0.013780963203024773
15119889,0.028455820901222315
24591918,0.028455820901222315
13239779,-0.0008938944951727701
38900876,-0.0008938944951727701
8441518,0.013780963203024773
9471668,0.04313067859941986
23063011,0.028455820901222315
19578915,0.028455820901222315
6130684,-0.0008938944951727701
15861364,0.04313067859941986
30682302,0.028455820901222315
18974703,-0.0008938944951727701
25400091,-0.0008938944951727701
20636216,0.07248039399581495
15771918,0.04313067859941986
11395108,0.1898792555813953
1351670,0.13117982478860513
13616263,0.013780963203024773
27342152,-0.0008938944951727701
20863712,-0.0008938944951727701
52860030,-0.0008938944951727701
7589615,0.6007752711309265
3668948,-0.0008938944951727701
18147825,0.20455411327959283
51940753,0.10183010939221003
27620110,0.04313067859941986
22866535,0.0578055362976174
13641824,0.04313067859941986
34022357,-0.0008938944951727701
10815128,0.0578055362976174
50257829,0.028455820901222315
26564311,0.028455820901222315
19776163,0.10183010939221003
52554709,0.013780963203024773
13989690,0.14585468248680267
15890322,0.013780963203024773
49249769,0.013780963203024773
9724438,0.0578055362976174
409684,0.013780963203024773
18164623,0.0578055362976174
21842325,0.04313067859941986
1212083,0.028455820901222315
7662174,-0.015568752193370313
13563055,0.04313067859941986
5532729,0.028455820901222315
1158879,-0.0008938944951727701
18988448,0.028455820901222315
29990171,0.013780963203024773
25283632,0.0578055362976174
27646378,0.013780963203024773
3690457,0.013780963203024773
6155693,0.04313067859941986
38618310,0.04313067859941986
40874904,0.028455820901222315
4758731,0.028455820901222315
53668454,0.013780963203024773
12504476,0.013780963203024773
15720872,0.2926032594687781
25026555,0.013780963203024773
33438879,0.013780963203024773
21266650,0.0578055362976174
4937526,4.093391403301942
6445405,-0.0008938944951727701
1679854,0.10183010939221003
10910657,-0.0008938944951727701
19731987,0.07248039399581495
24471329,0.08715525169401249
28012742,0.013780963203024773
19824571,0.04313067859941986
32327307,-0.0008938944951727701
11843634,0.013780963203024773
252039,0.08715525169401249
20204296,0.013780963203024773
39660610,0.028455820901222315
47160115,-0.0008938944951727701
34617089,0.04313067859941986
33777945,-0.0008938944951727701
21506067,0.013780963203024773
37751832,0.07248039399581495
15913983,-0.0008938944951727701
52915954,0.028455820901222315
38857474,0.028455820901222315
15396760,0.013780963203024773
26392232,0.013780963203024773
25748405,-0.0008938944951727701
29957401,-0.0008938944951727701
1794415,0.0578055362976174
23248569,0.39532726335616086
43027975,0.04313067859941986
49295530,0.013780963203024773
15911302,0.028455820901222315
39319855,-0.0008938944951727701
49163957,0.013780963203024773
16222271,0.013780963203024773
50340681,0.028455820901222315
12308378,0.08715525169401249
28464531,0.04313067859941986
477005,0.4393518364507535
27544953,0.013780963203024773
11325504,0.04313067859941986
4761301,0.028455820901222315
13256908,0.24857868637418545
30311866,0.04313067859941986
43888323,-0.0008938944951727701
26774803,0.013780963203024773
31206927,0.028455820901222315
29870756,0.028455820901222315
12539097,0.04313067859941986
45276016,0.013780963203024773
24977356,0.04313067859941986
3841626,0.10183010939221003
12554102,0.013780963203024773
20409970,0.013780963203024773
16119374,0.028455820901222315
27930331,-0.0008938944951727701
54732509,0.07248039399581495
24920440,0.0578055362976174
280721,-0.0008938944951727701
19737340,-0.0008938944951727701
38285486,-0.0008938944951727701
15435194,0.028455820901222315
26420372,0.013780963203024773
18412319,0.0578055362976174
2191712,0.2339038286759879
22089885,0.04313067859941986
20318581,0.0578055362976174
13594471,0.028455820901222315
19990269,0.028455820901222315
1241503,-0.0008938944951727701
4849570,0.013780963203024773
13624313,0.013780963203024773
185484,0.028455820901222315
22530638,-0.0008938944951727701
19126493,0.028455820901222315
1999153,-0.0008938944951727701
22997102,0.17520439788319775
32458414,0.028455820901222315
400753,3.344973660693867
20275345,0.07248039399581495
20714761,0.13117982478860513
10659265,0.07248039399581495
27932344,0.013780963203024773
23892183,0.10183010939221003
26968289,-0.0008938944951727701
8959594,0.0578055362976174
3665187,0.013780963203024773
52839363,0.013780963203024773
32681093,0.0578055362976174
50511414,0.013780963203024773
22169632,0.04313067859941986
54241919,0.013780963203024773
20584158,-0.0008938944951727701
6859672,0.013780963203024773
241370,0.028455820901222315
5210571,0.013780963203024773
30594814,0.04313067859941986
14905218,0.028455820901222315
11390849,0.013780963203024773
3030427,0.04313067859941986
21185012,0.0578055362976174
10606874,0.028455820901222315
768881,0.0578055362976174
4835117,0.028455820901222315
23240096,0.028455820901222315
2787759,0.013780963203024773
18001654,0.028455820901222315
